{"stats":{"minecraft:mined":{"minecraft:short_grass":35,"minecraft:fern":7},"minecraft:killed":{"minecraft:cow":1},"minecraft:picked_up":{"minecraft:wheat_seeds":5,"minecraft:beef":1},"minecraft:dropped":{"minecraft:wheat_seeds":4,"minecraft:dirt_path":1},"minecraft:killed_by":{"minecraft:zombie":1},"minecraft:used":{"minecraft:dirt_path":1},"minecraft:custom":{"minecraft:time_since_rest":5983,"minecraft:play_time":22272,"minecraft:sprint_one_cm":4796,"minecraft:deaths":2,"minecraft:damage_taken":250,"minecraft:walk_one_cm":8062,"minecraft:sneak_time":2,"minecraft:mob_kills":1,"minecraft:drop":5,"minecraft:jump":80,"minecraft:damage_dealt":120,"minecraft:leave_game":4,"minecraft:time_since_death":5804,"minecraft:climb_one_cm":2317,"minecraft:total_world_time":22272,"minecraft:fall_one_cm":1289,"minecraft:fly_one_cm":4480}},"DataVersion":3953}