{"stats":{"minecraft:killed":{"minecraft:cow":1},"minecraft:killed_by":{"minecraft:zombie":1},"minecraft:mined":{"minecraft:short_grass":35,"minecraft:fern":7},"minecraft:picked_up":{"minecraft:beef":1,"minecraft:wheat_seeds":5},"minecraft:dropped":{"minecraft:wheat_seeds":4},"minecraft:custom":{"minecraft:jump":80,"minecraft:time_since_rest":2252,"minecraft:damage_dealt":120,"minecraft:damage_taken":250,"minecraft:leave_game":3,"minecraft:sprint_one_cm":4796,"minecraft:play_time":18541,"minecraft:walk_one_cm":6719,"minecraft:time_since_death":2073,"minecraft:deaths":2,"minecraft:sneak_time":2,"minecraft:total_world_time":18541,"minecraft:climb_one_cm":2317,"minecraft:mob_kills":1,"minecraft:drop":4,"minecraft:fly_one_cm":4480,"minecraft:fall_one_cm":1289}},"DataVersion":3953}