{"stats":{"minecraft:killed":{"minecraft:cow":1},"minecraft:mined":{"minecraft:short_grass":35,"minecraft:fern":7},"minecraft:picked_up":{"minecraft:beef":1,"minecraft:wheat_seeds":5},"minecraft:dropped":{"minecraft:wheat_seeds":4},"minecraft:custom":{"minecraft:jump":72,"minecraft:time_since_rest":7408,"minecraft:damage_dealt":120,"minecraft:play_time":7408,"minecraft:leave_game":1,"minecraft:sprint_one_cm":4796,"minecraft:damage_taken":40,"minecraft:time_since_death":7408,"minecraft:walk_one_cm":5607,"minecraft:climb_one_cm":2317,"minecraft:total_world_time":7408,"minecraft:mob_kills":1,"minecraft:drop":4,"minecraft:fall_one_cm":1289,"minecraft:fly_one_cm":4023}},"DataVersion":3953}