{"stats":{"minecraft:picked_up":{"minecraft:birch_log":5},"minecraft:crafted":{"minecraft:birch_planks":20},"minecraft:custom":{"minecraft:jump":24,"minecraft:time_since_rest":4642,"minecraft:sprint_one_cm":7375,"minecraft:play_time":4642,"minecraft:damage_taken":60,"minecraft:time_since_death":4642,"minecraft:walk_one_cm":8113,"minecraft:climb_one_cm":652,"minecraft:total_world_time":4642,"minecraft:fall_one_cm":1852,"minecraft:fly_one_cm":1112},"minecraft:mined":{"minecraft:birch_log":5}},"DataVersion":3465}