{"stats":{"minecraft:used":{"minecraft:wooden_axe":21,"minecraft:stone_pickaxe":19,"minecraft:melon_slice":8,"minecraft:wooden_pickaxe":6,"minecraft:dirt":5,"minecraft:cobblestone":7,"minecraft:crafting_table":1},"minecraft:picked_up":{"minecraft:wooden_axe":1,"minecraft:birch_log":5,"minecraft:stick":2,"minecraft:crafting_table":2,"minecraft:raw_iron":4,"minecraft:wooden_pickaxe":1,"minecraft:dirt":5,"minecraft:iron_ingot":5,"minecraft:stone_pickaxe":1,"minecraft:poppy":2,"minecraft:melon_slice":56,"minecraft:coal":2,"minecraft:cobblestone":29},"minecraft:crafted":{"minecraft:crafting_table":1,"minecraft:stick":8,"minecraft:wooden_pickaxe":1,"minecraft:stone_pickaxe":1,"minecraft:wooden_axe":1,"minecraft:birch_planks":20},"minecraft:custom":{"minecraft:time_since_rest":1676,"minecraft:sprint_one_cm":28632,"minecraft:damage_taken":390,"minecraft:walk_one_cm":31642,"minecraft:mob_kills":1,"minecraft:damage_dealt":999,"minecraft:interact_with_crafting_table":3,"minecraft:fly_one_cm":9952,"minecraft:crouch_one_cm":110,"minecraft:play_time":16642,"minecraft:deaths":1,"minecraft:sneak_time":27,"minecraft:jump":129,"minecraft:time_since_death":1642,"minecraft:walk_on_water_one_cm":128,"minecraft:sleep_in_bed":1,"minecraft:climb_one_cm":652,"minecraft:total_world_time":16642,"minecraft:fall_one_cm":4365},"minecraft:mined":{"minecraft:birch_log":5,"minecraft:iron_ore":2,"minecraft:crafting_table":1,"minecraft:grass_block":1,"minecraft:coal_ore":2,"minecraft:melon":6,"minecraft:dirt_path":1,"minecraft:dirt":3,"minecraft:cobblestone":7,"minecraft:stone":14},"minecraft:killed_by":{"minecraft:iron_golem":1},"minecraft:killed":{"minecraft:iron_golem":1}},"DataVersion":3465}