{"stats":{"minecraft:used":{"minecraft:wooden_axe":31,"minecraft:stone_pickaxe":30,"minecraft:melon_slice":8,"minecraft:wooden_pickaxe":6,"minecraft:dirt":9,"minecraft:cobblestone":20,"minecraft:crafting_table":2},"minecraft:picked_up":{"minecraft:wooden_axe":1,"minecraft:birch_log":5,"minecraft:stick":2,"minecraft:crafting_table":3,"minecraft:raw_iron":4,"minecraft:dandelion":1,"minecraft:wooden_pickaxe":1,"minecraft:porkchop":4,"minecraft:dirt":10,"minecraft:wheat_seeds":13,"minecraft:iron_ingot":5,"minecraft:stone_pickaxe":1,"minecraft:poppy":2,"minecraft:melon_slice":56,"minecraft:melon_seeds":1,"minecraft:coal":2,"minecraft:cobblestone":40},"minecraft:crafted":{"minecraft:iron_axe":1,"minecraft:crafting_table":1,"minecraft:stick":8,"minecraft:wooden_pickaxe":1,"minecraft:stone_pickaxe":1,"minecraft:wooden_axe":1,"minecraft:furnace":1,"minecraft:birch_planks":20},"minecraft:custom":{"minecraft:time_since_rest":8870,"minecraft:sprint_one_cm":37425,"minecraft:damage_taken":390,"minecraft:walk_one_cm":46872,"minecraft:mob_kills":4,"minecraft:damage_dealt":1309,"minecraft:interact_with_crafting_table":4,"minecraft:fly_one_cm":10497,"minecraft:crouch_one_cm":312,"minecraft:play_time":23836,"minecraft:deaths":1,"minecraft:sneak_time":68,"minecraft:walk_under_water_one_cm":187,"minecraft:jump":201,"minecraft:time_since_death":8836,"minecraft:walk_on_water_one_cm":7595,"minecraft:sleep_in_bed":1,"minecraft:climb_one_cm":652,"minecraft:total_world_time":23836,"minecraft:fall_one_cm":4365},"minecraft:mined":{"minecraft:birch_log":5,"minecraft:iron_ore":2,"minecraft:crafting_table":2,"minecraft:grass_block":4,"minecraft:coal_ore":2,"minecraft:melon":6,"minecraft:dirt_path":1,"minecraft:dirt":5,"minecraft:cobblestone":18,"minecraft:stone":14},"minecraft:killed_by":{"minecraft:iron_golem":1},"minecraft:killed":{"minecraft:pig":2,"minecraft:iron_golem":1,"minecraft:villager":1}},"DataVersion":3465}