{"stats":{"minecraft:used":{"minecraft:polished_tuff":3,"minecraft:diorite":2,"minecraft:iron_axe":19,"minecraft:stone_pickaxe":56,"minecraft:bamboo_hanging_sign":4,"minecraft:oak_planks":21,"minecraft:red_candle":3,"minecraft:wooden_pickaxe":16,"minecraft:stone_axe":32,"minecraft:dirt":5,"minecraft:cobblestone":20,"minecraft:beef":4,"minecraft:scaffolding":19,"minecraft:crafting_table":2,"minecraft:waxed_copper_grate":1},"minecraft:crafted":{"minecraft:oak_planks":24,"minecraft:crafting_table":1,"minecraft:stick":8,"minecraft:wooden_pickaxe":1,"minecraft:stone_pickaxe":2,"minecraft:acacia_planks":16,"minecraft:stone_axe":1},"minecraft:mined":{"minecraft:waxed_copper_bulb":1,"minecraft:red_candle":5,"minecraft:scaffolding":2,"minecraft:waxed_copper_grate":1,"minecraft:iron_ore":3,"minecraft:polished_tuff":4,"minecraft:crafting_table":2,"minecraft:short_grass":42,"minecraft:acacia_log":4,"minecraft:grass_block":4,"minecraft:oak_log":6,"minecraft:dirt":7,"minecraft:tall_grass":2,"minecraft:stone":31,"minecraft:oak_planks":4,"minecraft:diorite":2,"minecraft:oak_leaves":2,"minecraft:tuff_bricks":8,"minecraft:deepslate":1},"minecraft:custom":{"minecraft:time_since_rest":208,"minecraft:interact_with_smithing_table":2,"minecraft:sprint_one_cm":66541,"minecraft:damage_taken":1786,"minecraft:walk_one_cm":41199,"minecraft:mob_kills":6,"minecraft:damage_dealt":3437,"minecraft:talked_to_villager":3,"minecraft:player_kills":10,"minecraft:interact_with_crafting_table":7,"minecraft:fly_one_cm":101645,"minecraft:open_barrel":5,"minecraft:open_chest":3,"minecraft:crouch_one_cm":4035,"minecraft:play_time":29278,"minecraft:deaths":8,"minecraft:sneak_time":2339,"minecraft:jump":872,"minecraft:leave_game":3,"minecraft:walk_on_water_one_cm":474,"minecraft:time_since_death":181,"minecraft:climb_one_cm":3997,"minecraft:total_world_time":29278,"minecraft:fall_one_cm":26257},"minecraft:killed_by":{"minecraft:player":5},"minecraft:picked_up":{"minecraft:scaffolding":2,"minecraft:crafting_table":2,"minecraft:raw_iron":3,"minecraft:leather":1,"minecraft:acacia_log":4,"minecraft:waxed_copper_bulb":1,"minecraft:oak_log":6,"minecraft:waxed_copper_grate":1,"minecraft:diorite":2,"minecraft:polished_tuff":4,"minecraft:dirt":10,"minecraft:red_candle":10,"minecraft:rotten_flesh":2,"minecraft:wheat_seeds":3,"minecraft:beef":4,"minecraft:tuff_bricks":4,"minecraft:oak_planks":1,"minecraft:cobblestone":31},"minecraft:killed":{"minecraft:zombie":2,"minecraft:villager":1,"minecraft:cow":3}},"DataVersion":3953}