{"stats":{"minecraft:used":{"minecraft:diorite":2,"minecraft:stone_pickaxe":29,"minecraft:wooden_pickaxe":16,"minecraft:stone_axe":27,"minecraft:dirt":5,"minecraft:cobblestone":20,"minecraft:beef":4,"minecraft:crafting_table":2},"minecraft:crafted":{"minecraft:crafting_table":1,"minecraft:stick":8,"minecraft:wooden_pickaxe":1,"minecraft:stone_pickaxe":2,"minecraft:acacia_planks":16,"minecraft:stone_axe":1},"minecraft:mined":{"minecraft:iron_ore":3,"minecraft:crafting_table":2,"minecraft:short_grass":39,"minecraft:acacia_log":4,"minecraft:grass_block":2,"minecraft:oak_log":6,"minecraft:dirt":3,"minecraft:tall_grass":2,"minecraft:stone":29,"minecraft:diorite":2,"minecraft:oak_leaves":2},"minecraft:custom":{"minecraft:time_since_rest":593,"minecraft:interact_with_smithing_table":2,"minecraft:sprint_one_cm":43050,"minecraft:damage_taken":625,"minecraft:walk_one_cm":28864,"minecraft:mob_kills":5,"minecraft:damage_dealt":2012,"minecraft:talked_to_villager":2,"minecraft:player_kills":5,"minecraft:interact_with_crafting_table":7,"minecraft:fly_one_cm":68767,"minecraft:crouch_one_cm":1158,"minecraft:play_time":19406,"minecraft:deaths":3,"minecraft:sneak_time":727,"minecraft:jump":604,"minecraft:leave_game":2,"minecraft:time_since_death":562,"minecraft:total_world_time":19406,"minecraft:fall_one_cm":16936},"minecraft:killed_by":{"minecraft:player":2},"minecraft:picked_up":{"minecraft:crafting_table":2,"minecraft:raw_iron":3,"minecraft:leather":1,"minecraft:acacia_log":4,"minecraft:oak_log":6,"minecraft:diorite":2,"minecraft:dirt":5,"minecraft:rotten_flesh":2,"minecraft:wheat_seeds":3,"minecraft:beef":4,"minecraft:cobblestone":29},"minecraft:killed":{"minecraft:zombie":2,"minecraft:cow":3}},"DataVersion":3953}