{"stats":{"minecraft:used":{"minecraft:stone_axe":1,"minecraft:dirt":5,"minecraft:crafting_table":1,"minecraft:wooden_pickaxe":16},"minecraft:crafted":{"minecraft:acacia_planks":16,"minecraft:stone_axe":1,"minecraft:crafting_table":1,"minecraft:stick":8,"minecraft:stone_pickaxe":2,"minecraft:wooden_pickaxe":1},"minecraft:mined":{"minecraft:short_grass":6,"minecraft:acacia_log":4,"minecraft:grass_block":2,"minecraft:dirt":3,"minecraft:tall_grass":1,"minecraft:stone":16,"minecraft:crafting_table":1},"minecraft:custom":{"minecraft:time_since_rest":7489,"minecraft:crouch_one_cm":147,"minecraft:play_time":7489,"minecraft:sprint_one_cm":3135,"minecraft:walk_one_cm":8729,"minecraft:sneak_time":47,"minecraft:jump":52,"minecraft:damage_dealt":130,"minecraft:leave_game":2,"minecraft:time_since_death":7489,"minecraft:total_world_time":7489,"minecraft:interact_with_crafting_table":6,"minecraft:fall_one_cm":687,"minecraft:fly_one_cm":3318},"minecraft:picked_up":{"minecraft:crafting_table":1,"minecraft:acacia_log":4,"minecraft:dirt":5,"minecraft:cobblestone":16}},"DataVersion":3953}