{"stats":{"minecraft:killed_by":{"minecraft:skeleton":1,"minecraft:player":1},"minecraft:dropped":{"minecraft:command_block":1},"minecraft:killed":{"minecraft:horse":1,"minecraft:zombie":1},"minecraft:mined":{"minecraft:short_grass":14,"minecraft:carrots":2,"minecraft:dirt":1,"minecraft:wheat":7,"minecraft:oak_leaves":1,"minecraft:wall_torch":1},"minecraft:used":{"minecraft:wheat_seeds":9,"minecraft:carrot":1},"minecraft:picked_up":{"minecraft:ominous_bottle":1,"minecraft:wheat":7,"minecraft:command_block":2,"minecraft:wheat_seeds":23,"minecraft:torch":1,"minecraft:carrot":7,"minecraft:dirt":1},"minecraft:custom":{"minecraft:time_since_rest":4665,"minecraft:crouch_one_cm":1662,"minecraft:sprint_one_cm":44130,"minecraft:play_time":35854,"minecraft:damage_taken":1427,"minecraft:walk_one_cm":53111,"minecraft:deaths":7,"minecraft:sneak_time":602,"minecraft:walk_under_water_one_cm":971,"minecraft:mob_kills":2,"minecraft:drop":1,"minecraft:jump":334,"minecraft:damage_dealt":747,"minecraft:leave_game":4,"minecraft:walk_on_water_one_cm":412,"minecraft:time_since_death":4617,"minecraft:total_world_time":35854,"minecraft:climb_one_cm":823,"minecraft:fall_one_cm":14367,"minecraft:fly_one_cm":42845,"minecraft:player_kills":1,"minecraft:horse_one_cm":1382}},"DataVersion":3953}