{"stats":{"minecraft:mined":{"minecraft:short_grass":5},"minecraft:picked_up":{"minecraft:command_block":2},"minecraft:custom":{"minecraft:jump":166,"minecraft:time_since_rest":15618,"minecraft:damage_taken":110,"minecraft:damage_dealt":407,"minecraft:crouch_one_cm":1617,"minecraft:leave_game":2,"minecraft:sprint_one_cm":27360,"minecraft:play_time":19656,"minecraft:walk_one_cm":28970,"minecraft:time_since_death":15561,"minecraft:deaths":2,"minecraft:sneak_time":551,"minecraft:total_world_time":19656,"minecraft:climb_one_cm":141,"minecraft:mob_kills":1,"minecraft:drop":1,"minecraft:fall_one_cm":4193,"minecraft:fly_one_cm":26047,"minecraft:player_kills":1,"minecraft:horse_one_cm":1382},"minecraft:killed":{"minecraft:horse":1},"minecraft:dropped":{"minecraft:command_block":1}},"DataVersion":3953}