{"stats":{"minecraft:killed_by":{"minecraft:skeleton":1,"minecraft:player":1},"minecraft:dropped":{"minecraft:command_block":1},"minecraft:mined":{"minecraft:short_grass":16,"minecraft:acacia_leaves":4,"minecraft:carrots":2,"minecraft:dirt":1,"minecraft:wheat":7,"minecraft:oak_leaves":8,"minecraft:wall_torch":1},"minecraft:killed":{"minecraft:horse":1,"minecraft:zombie":1},"minecraft:picked_up":{"minecraft:wheat":7,"minecraft:ominous_bottle":1,"minecraft:command_block":2,"minecraft:wheat_seeds":23,"minecraft:torch":1,"minecraft:bread":6,"minecraft:carrot":7,"minecraft:dirt":1},"minecraft:used":{"minecraft:wheat_seeds":9,"minecraft:ominous_bottle":1,"minecraft:carrot":1},"minecraft:custom":{"minecraft:time_since_rest":8155,"minecraft:damage_taken":1437,"minecraft:crouch_one_cm":1662,"minecraft:sprint_one_cm":51999,"minecraft:play_time":45116,"minecraft:walk_one_cm":62965,"minecraft:deaths":8,"minecraft:sneak_time":602,"minecraft:walk_under_water_one_cm":971,"minecraft:mob_kills":2,"minecraft:drop":1,"minecraft:jump":414,"minecraft:damage_dealt":747,"minecraft:leave_game":6,"minecraft:time_since_death":8113,"minecraft:walk_on_water_one_cm":412,"minecraft:total_world_time":45116,"minecraft:climb_one_cm":823,"minecraft:fall_one_cm":16374,"minecraft:fly_one_cm":56577,"minecraft:player_kills":1,"minecraft:horse_one_cm":1382}},"DataVersion":3953}