{"stats":{"minecraft:mined":{"minecraft:short_grass":7,"minecraft:carrots":2,"minecraft:dirt":1,"minecraft:wheat":7,"minecraft:oak_leaves":1,"minecraft:wall_torch":1},"minecraft:picked_up":{"minecraft:wheat":7,"minecraft:command_block":2,"minecraft:wheat_seeds":23,"minecraft:torch":1,"minecraft:carrot":7,"minecraft:dirt":1},"minecraft:killed_by":{"minecraft:skeleton":1,"minecraft:player":1},"minecraft:used":{"minecraft:wheat_seeds":9,"minecraft:carrot":1},"minecraft:custom":{"minecraft:time_since_rest":2423,"minecraft:crouch_one_cm":1662,"minecraft:play_time":33612,"minecraft:sprint_one_cm":38192,"minecraft:deaths":7,"minecraft:damage_taken":1301,"minecraft:walk_one_cm":49168,"minecraft:sneak_time":602,"minecraft:walk_under_water_one_cm":971,"minecraft:mob_kills":1,"minecraft:drop":1,"minecraft:jump":304,"minecraft:damage_dealt":718,"minecraft:leave_game":3,"minecraft:walk_on_water_one_cm":412,"minecraft:time_since_death":2375,"minecraft:climb_one_cm":823,"minecraft:total_world_time":33612,"minecraft:fall_one_cm":13949,"minecraft:fly_one_cm":36282,"minecraft:player_kills":1,"minecraft:horse_one_cm":1382},"minecraft:killed":{"minecraft:horse":1},"minecraft:dropped":{"minecraft:command_block":1}},"DataVersion":3953}