{"stats":{"minecraft:mined":{"minecraft:short_grass":2},"minecraft:picked_up":{"minecraft:command_block":2},"minecraft:custom":{"minecraft:jump":108,"minecraft:time_since_rest":4054,"minecraft:crouch_one_cm":1492,"minecraft:damage_dealt":343,"minecraft:damage_taken":60,"minecraft:sprint_one_cm":14033,"minecraft:leave_game":2,"minecraft:play_time":8092,"minecraft:deaths":2,"minecraft:time_since_death":3997,"minecraft:walk_one_cm":13671,"minecraft:sneak_time":347,"minecraft:climb_one_cm":141,"minecraft:total_world_time":8092,"minecraft:mob_kills":1,"minecraft:drop":1,"minecraft:fall_one_cm":3566,"minecraft:fly_one_cm":17878,"minecraft:player_kills":1,"minecraft:horse_one_cm":1382},"minecraft:killed":{"minecraft:horse":1},"minecraft:dropped":{"minecraft:command_block":1}},"DataVersion":3953}