{"stats":{"minecraft:custom":{"minecraft:time_since_rest":33809,"minecraft:interact_with_furnace":17,"minecraft:sprint_one_cm":28306,"minecraft:damage_taken":468,"minecraft:walk_one_cm":112741,"minecraft:mob_kills":13,"minecraft:inspect_hopper":2,"minecraft:damage_dealt":2272,"minecraft:interact_with_crafting_table":6,"minecraft:fly_one_cm":13866,"minecraft:open_barrel":1,"minecraft:open_chest":3,"minecraft:crouch_one_cm":1129,"minecraft:play_time":38433,"minecraft:sneak_time":658,"minecraft:walk_under_water_one_cm":375,"minecraft:jump":275,"minecraft:walk_on_water_one_cm":5800,"minecraft:time_since_death":38433,"minecraft:sleep_in_bed":1,"minecraft:total_world_time":38433,"minecraft:fall_one_cm":3542},"minecraft:mined":{"minecraft:deepslate_diamond_ore":2,"minecraft:iron_ore":23,"minecraft:crafting_table":1,"minecraft:budding_amethyst":1,"minecraft:calcite":14,"minecraft:pointed_dripstone":4,"minecraft:oak_log":6,"minecraft:deepslate_iron_ore":23,"minecraft:dripstone_block":7,"minecraft:stone":35,"minecraft:deepslate":12,"minecraft:amethyst_block":3},"minecraft:picked_up":{"minecraft:raw_iron":46,"minecraft:crafting_table":2,"minecraft:wheat":3,"minecraft:dripstone_block":7,"minecraft:tuff":3,"minecraft:oak_log":6,"minecraft:pointed_dripstone":6,"minecraft:amethyst_block":3,"minecraft:dirt":1,"minecraft:spider_eye":1,"minecraft:string":2,"minecraft:bone":1,"minecraft:rotten_flesh":7,"minecraft:diamond":2,"minecraft:cobbled_deepslate":12,"minecraft:iron_ingot":11,"minecraft:calcite":12,"minecraft:bread":16,"minecraft:cobblestone":27,"minecraft:ender_pearl":1},"minecraft:used":{"minecraft:bread":7,"minecraft:stone_pickaxe":62,"minecraft:iron_pickaxe":62,"minecraft:iron_sword":50,"minecraft:stone_axe":1,"minecraft:cobblestone":39,"minecraft:crafting_table":2,"minecraft:furnace":1},"minecraft:killed":{"minecraft:skeleton":1,"minecraft:zombie":8,"minecraft:spider":3,"minecraft:enderman":1},"minecraft:crafted":{"minecraft:oak_planks":14,"minecraft:crafting_table":1,"minecraft:stick":24,"minecraft:iron_ingot":8,"minecraft:iron_pickaxe":1,"minecraft:iron_helmet":1,"minecraft:stone_pickaxe":2,"minecraft:iron_sword":1,"minecraft:iron_leggings":1,"minecraft:furnace":1,"minecraft:stone_axe":1,"minecraft:bread":1}},"DataVersion":3465}