{"stats":{"minecraft:custom":{"minecraft:interact_with_furnace":33,"minecraft:mob_kills":28,"minecraft:inspect_hopper":2,"minecraft:interact_with_crafting_table":19,"minecraft:open_barrel":6,"minecraft:leave_game":2,"minecraft:time_since_death":420,"minecraft:sleep_in_bed":2,"minecraft:time_since_rest":451,"minecraft:sprint_one_cm":111699,"minecraft:damage_taken":3226,"minecraft:walk_one_cm":247411,"minecraft:damage_blocked_by_shield":60,"minecraft:damage_dealt":4689,"minecraft:swim_one_cm":409,"minecraft:talked_to_villager":1,"minecraft:fly_one_cm":38610,"minecraft:open_chest":3,"minecraft:crouch_one_cm":1295,"minecraft:play_time":81834,"minecraft:deaths":9,"minecraft:sneak_time":717,"minecraft:walk_under_water_one_cm":2734,"minecraft:jump":647,"minecraft:walk_on_water_one_cm":21823,"minecraft:total_world_time":81834,"minecraft:fall_one_cm":11137},"minecraft:mined":{"minecraft:deepslate_diamond_ore":2,"minecraft:dandelion":6,"minecraft:oak_fence":2,"minecraft:crafting_table":2,"minecraft:cornflower":1,"minecraft:budding_amethyst":1,"minecraft:grass_block":8,"minecraft:calcite":14,"minecraft:sculk_sensor":1,"minecraft:sugar_cane":4,"minecraft:sculk":14,"minecraft:diorite":1,"minecraft:amethyst_block":3,"minecraft:iron_ore":28,"minecraft:deepslate_lapis_ore":2,"minecraft:grass":18,"minecraft:pointed_dripstone":5,"minecraft:oak_log":38,"minecraft:deepslate_iron_ore":34,"minecraft:dripstone_block":7,"minecraft:sand":81,"minecraft:dirt":3,"minecraft:stone":36,"minecraft:oak_leaves":12,"minecraft:deepslate":14},"minecraft:picked_up":{"minecraft:crafting_table":4,"minecraft:wheat":4,"minecraft:glow_ink_sac":3,"minecraft:leather":3,"minecraft:tuff":3,"minecraft:oak_log":38,"minecraft:amethyst_block":3,"minecraft:dirt":11,"minecraft:lapis_lazuli":6,"minecraft:cornflower":1,"minecraft:string":2,"minecraft:white_banner":2,"minecraft:iron_leggings":1,"minecraft:bone":4,"minecraft:bow":1,"minecraft:cobbled_deepslate":14,"minecraft:iron_ingot":11,"minecraft:beef":7,"minecraft:calcite":12,"minecraft:sugar_cane":12,"minecraft:oak_planks":1,"minecraft:raw_iron":53,"minecraft:oak_fence":2,"minecraft:dandelion":4,"minecraft:dripstone_block":7,"minecraft:sand":79,"minecraft:pointed_dripstone":8,"minecraft:diorite":1,"minecraft:spider_eye":1,"minecraft:arrow":3,"minecraft:rotten_flesh":12,"minecraft:diamond":2,"minecraft:emerald":2,"minecraft:bread":16,"minecraft:oxeye_daisy":2,"minecraft:cobblestone":28,"minecraft:ender_pearl":1},"minecraft:killed_by":{"minecraft:vindicator":6,"minecraft:skeleton":1,"minecraft:creeper":1},"minecraft:used":{"minecraft:oak_fence":35,"minecraft:stone_shovel":86,"minecraft:stone_pickaxe":73,"minecraft:shield":1,"minecraft:iron_sword":101,"minecraft:sugar_cane":12,"minecraft:sand":26,"minecraft:crafting_table":4,"minecraft:oak_fence_gate":1,"minecraft:bread":17,"minecraft:iron_pickaxe":98,"minecraft:stone_axe":55,"minecraft:cobblestone":66,"minecraft:furnace":1},"minecraft:killed":{"minecraft:vindicator":3,"minecraft:spider":3,"minecraft:skeleton":3,"minecraft:pillager":6,"minecraft:zombie":11,"minecraft:enderman":1},"minecraft:crafted":{"minecraft:oak_planks":138,"minecraft:stone_shovel":1,"minecraft:crafting_table":1,"minecraft:iron_helmet":1,"minecraft:iron_sword":1,"minecraft:furnace":1,"minecraft:stone_axe":1,"minecraft:bread":1,"minecraft:oak_fence_gate":1,"minecraft:iron_boots":1,"minecraft:iron_chestplate":1,"minecraft:charcoal":2,"minecraft:shield":1,"minecraft:stick":58,"minecraft:iron_ingot":41,"minecraft:iron_pickaxe":1,"minecraft:stone_pickaxe":2,"minecraft:iron_block":2,"minecraft:iron_leggings":1,"minecraft:oak_fence":34}},"DataVersion":3465}