{"stats":{"minecraft:custom":{"minecraft:interact_with_furnace":29,"minecraft:mob_kills":15,"minecraft:inspect_hopper":2,"minecraft:interact_with_crafting_table":16,"minecraft:open_barrel":4,"minecraft:time_since_death":20751,"minecraft:sleep_in_bed":1,"minecraft:time_since_rest":21096,"minecraft:sprint_one_cm":87527,"minecraft:damage_taken":986,"minecraft:walk_one_cm":192312,"minecraft:damage_dealt":2532,"minecraft:talked_to_villager":1,"minecraft:swim_one_cm":409,"minecraft:fly_one_cm":27393,"minecraft:open_chest":3,"minecraft:crouch_one_cm":1129,"minecraft:play_time":68433,"minecraft:deaths":2,"minecraft:sneak_time":658,"minecraft:walk_under_water_one_cm":2009,"minecraft:jump":511,"minecraft:walk_on_water_one_cm":21048,"minecraft:total_world_time":68433,"minecraft:fall_one_cm":6736},"minecraft:mined":{"minecraft:deepslate_diamond_ore":2,"minecraft:dandelion":5,"minecraft:cornflower":1,"minecraft:oak_fence":1,"minecraft:crafting_table":2,"minecraft:budding_amethyst":1,"minecraft:grass_block":2,"minecraft:calcite":14,"minecraft:sculk_sensor":1,"minecraft:sugar_cane":4,"minecraft:sculk":14,"minecraft:diorite":1,"minecraft:amethyst_block":3,"minecraft:iron_ore":28,"minecraft:deepslate_lapis_ore":2,"minecraft:grass":6,"minecraft:pointed_dripstone":5,"minecraft:oak_log":38,"minecraft:deepslate_iron_ore":34,"minecraft:sand":68,"minecraft:dripstone_block":7,"minecraft:stone":36,"minecraft:oak_leaves":12,"minecraft:deepslate":14},"minecraft:picked_up":{"minecraft:crafting_table":4,"minecraft:wheat":3,"minecraft:glow_ink_sac":3,"minecraft:tuff":3,"minecraft:oak_log":38,"minecraft:cornflower":1,"minecraft:amethyst_block":3,"minecraft:lapis_lazuli":6,"minecraft:string":2,"minecraft:dirt":3,"minecraft:iron_leggings":1,"minecraft:bone":3,"minecraft:bow":1,"minecraft:cobbled_deepslate":14,"minecraft:iron_ingot":11,"minecraft:calcite":12,"minecraft:sugar_cane":12,"minecraft:raw_iron":53,"minecraft:oak_fence":1,"minecraft:dandelion":4,"minecraft:dripstone_block":7,"minecraft:sand":66,"minecraft:pointed_dripstone":7,"minecraft:diorite":1,"minecraft:spider_eye":1,"minecraft:arrow":1,"minecraft:rotten_flesh":8,"minecraft:diamond":2,"minecraft:bread":16,"minecraft:cobblestone":28,"minecraft:ender_pearl":1},"minecraft:killed_by":{"minecraft:skeleton":1,"minecraft:creeper":1},"minecraft:used":{"minecraft:oak_fence":22,"minecraft:stone_shovel":73,"minecraft:stone_pickaxe":64,"minecraft:iron_sword":55,"minecraft:crafting_table":4,"minecraft:bread":10,"minecraft:iron_pickaxe":98,"minecraft:stone_axe":53,"minecraft:cobblestone":66,"minecraft:furnace":1},"minecraft:killed":{"minecraft:spider":3,"minecraft:skeleton":2,"minecraft:zombie":8,"minecraft:enderman":1},"minecraft:crafted":{"minecraft:oak_planks":138,"minecraft:stone_shovel":1,"minecraft:crafting_table":1,"minecraft:iron_helmet":1,"minecraft:iron_sword":1,"minecraft:furnace":1,"minecraft:stone_axe":1,"minecraft:bread":1,"minecraft:iron_boots":1,"minecraft:iron_chestplate":1,"minecraft:charcoal":2,"minecraft:stick":58,"minecraft:iron_ingot":41,"minecraft:iron_pickaxe":1,"minecraft:stone_pickaxe":2,"minecraft:iron_block":2,"minecraft:iron_leggings":1,"minecraft:oak_fence":29}},"DataVersion":3465}