{"stats":{"minecraft:custom":{"minecraft:time_since_rest":3096,"minecraft:interact_with_furnace":19,"minecraft:sprint_one_cm":42484,"minecraft:damage_taken":986,"minecraft:walk_one_cm":150963,"minecraft:mob_kills":15,"minecraft:inspect_hopper":2,"minecraft:damage_dealt":2532,"minecraft:swim_one_cm":409,"minecraft:interact_with_crafting_table":6,"minecraft:fly_one_cm":20996,"minecraft:deaths":2,"minecraft:open_barrel":1,"minecraft:open_chest":3,"minecraft:crouch_one_cm":1129,"minecraft:play_time":50433,"minecraft:sneak_time":658,"minecraft:walk_under_water_one_cm":1815,"minecraft:jump":438,"minecraft:walk_on_water_one_cm":14685,"minecraft:time_since_death":2751,"minecraft:sleep_in_bed":1,"minecraft:total_world_time":50433,"minecraft:fall_one_cm":5571},"minecraft:mined":{"minecraft:deepslate_diamond_ore":2,"minecraft:iron_ore":28,"minecraft:deepslate_lapis_ore":2,"minecraft:crafting_table":1,"minecraft:budding_amethyst":1,"minecraft:calcite":14,"minecraft:pointed_dripstone":5,"minecraft:oak_log":6,"minecraft:deepslate_iron_ore":34,"minecraft:sculk_sensor":1,"minecraft:dripstone_block":7,"minecraft:stone":36,"minecraft:sculk":14,"minecraft:diorite":1,"minecraft:deepslate":14,"minecraft:amethyst_block":3},"minecraft:picked_up":{"minecraft:raw_iron":53,"minecraft:crafting_table":2,"minecraft:wheat":3,"minecraft:glow_ink_sac":3,"minecraft:dripstone_block":7,"minecraft:tuff":3,"minecraft:oak_log":6,"minecraft:lapis_lazuli":6,"minecraft:arrow":1,"minecraft:pointed_dripstone":7,"minecraft:diorite":1,"minecraft:amethyst_block":3,"minecraft:dirt":1,"minecraft:spider_eye":1,"minecraft:string":2,"minecraft:bone":3,"minecraft:rotten_flesh":8,"minecraft:diamond":2,"minecraft:bow":1,"minecraft:cobbled_deepslate":13,"minecraft:iron_ingot":11,"minecraft:calcite":12,"minecraft:bread":16,"minecraft:cobblestone":28,"minecraft:ender_pearl":1},"minecraft:killed_by":{"minecraft:skeleton":1,"minecraft:creeper":1},"minecraft:used":{"minecraft:bread":8,"minecraft:stone_pickaxe":64,"minecraft:iron_pickaxe":98,"minecraft:iron_sword":55,"minecraft:stone_axe":1,"minecraft:cobblestone":43,"minecraft:crafting_table":2,"minecraft:furnace":1},"minecraft:killed":{"minecraft:skeleton":2,"minecraft:zombie":8,"minecraft:spider":3,"minecraft:enderman":1},"minecraft:crafted":{"minecraft:oak_planks":14,"minecraft:crafting_table":1,"minecraft:stick":24,"minecraft:iron_ingot":8,"minecraft:iron_pickaxe":1,"minecraft:iron_helmet":1,"minecraft:stone_pickaxe":2,"minecraft:iron_sword":1,"minecraft:iron_leggings":1,"minecraft:furnace":1,"minecraft:stone_axe":1,"minecraft:bread":1}},"DataVersion":3465}