{"stats":{"minecraft:custom":{"minecraft:time_since_rest":9809,"minecraft:open_chest":2,"minecraft:crouch_one_cm":694,"minecraft:play_time":14433,"minecraft:sprint_one_cm":11654,"minecraft:damage_taken":30,"minecraft:walk_one_cm":34762,"minecraft:sneak_time":435,"minecraft:walk_under_water_one_cm":261,"minecraft:jump":50,"minecraft:inspect_hopper":2,"minecraft:time_since_death":14433,"minecraft:walk_on_water_one_cm":2153,"minecraft:sleep_in_bed":1,"minecraft:total_world_time":14433,"minecraft:interact_with_crafting_table":3,"minecraft:fall_one_cm":1088,"minecraft:fly_one_cm":4189},"minecraft:mined":{"minecraft:oak_log":6,"minecraft:deepslate_iron_ore":4,"minecraft:dripstone_block":3,"minecraft:iron_ore":2,"minecraft:stone":7,"minecraft:deepslate":1},"minecraft:picked_up":{"minecraft:crafting_table":1,"minecraft:raw_iron":6,"minecraft:cobbled_deepslate":1,"minecraft:dripstone_block":3,"minecraft:oak_log":6,"minecraft:cobblestone":4},"minecraft:used":{"minecraft:cobblestone":25,"minecraft:crafting_table":1,"minecraft:stone_pickaxe":17},"minecraft:crafted":{"minecraft:furnace":1,"minecraft:oak_planks":14,"minecraft:crafting_table":1,"minecraft:stick":4,"minecraft:stone_pickaxe":2}},"DataVersion":3465}