{"stats":{"minecraft:custom":{"minecraft:time_since_rest":21809,"minecraft:interact_with_furnace":17,"minecraft:sprint_one_cm":23201,"minecraft:damage_taken":60,"minecraft:walk_one_cm":59710,"minecraft:inspect_hopper":2,"minecraft:interact_with_crafting_table":4,"minecraft:fly_one_cm":10010,"minecraft:open_barrel":1,"minecraft:open_chest":2,"minecraft:crouch_one_cm":962,"minecraft:play_time":26433,"minecraft:sneak_time":565,"minecraft:walk_under_water_one_cm":329,"minecraft:jump":174,"minecraft:walk_on_water_one_cm":3838,"minecraft:time_since_death":26433,"minecraft:sleep_in_bed":1,"minecraft:total_world_time":26433,"minecraft:fall_one_cm":1715},"minecraft:mined":{"minecraft:iron_ore":13,"minecraft:pointed_dripstone":4,"minecraft:oak_log":6,"minecraft:deepslate_iron_ore":6,"minecraft:dripstone_block":7,"minecraft:stone":31,"minecraft:deepslate":1},"minecraft:picked_up":{"minecraft:raw_iron":19,"minecraft:crafting_table":1,"minecraft:dripstone_block":7,"minecraft:oak_log":6,"minecraft:pointed_dripstone":6,"minecraft:cobbled_deepslate":1,"minecraft:iron_ingot":11,"minecraft:cobblestone":23},"minecraft:used":{"minecraft:stone_pickaxe":62,"minecraft:cobblestone":33,"minecraft:crafting_table":1,"minecraft:furnace":1},"minecraft:crafted":{"minecraft:oak_planks":14,"minecraft:crafting_table":1,"minecraft:stick":24,"minecraft:iron_ingot":8,"minecraft:iron_pickaxe":1,"minecraft:iron_helmet":1,"minecraft:stone_pickaxe":2,"minecraft:iron_sword":1,"minecraft:iron_leggings":1,"minecraft:furnace":1}},"DataVersion":3465}