{"stats":{"minecraft:broken":{"minecraft:stone_pickaxe":3,"minecraft:stone_axe":1},"minecraft:custom":{"minecraft:interact_with_furnace":2,"minecraft:mob_kills":9,"minecraft:inspect_hopper":34,"minecraft:interact_with_crafting_table":18,"minecraft:leave_game":4,"minecraft:time_since_death":102452,"minecraft:sleep_in_bed":10,"minecraft:climb_one_cm":5659,"minecraft:time_since_rest":9809,"minecraft:sprint_one_cm":166297,"minecraft:damage_taken":1195,"minecraft:walk_one_cm":307584,"minecraft:drop":20,"minecraft:damage_dealt":2261,"minecraft:swim_one_cm":6121,"minecraft:talked_to_villager":26,"minecraft:fly_one_cm":63000,"minecraft:open_chest":30,"minecraft:crouch_one_cm":1396,"minecraft:play_time":115497,"minecraft:deaths":1,"minecraft:sneak_time":1521,"minecraft:walk_under_water_one_cm":6089,"minecraft:jump":912,"minecraft:walk_on_water_one_cm":13085,"minecraft:total_world_time":115497,"minecraft:fall_one_cm":19676},"minecraft:mined":{"minecraft:white_bed":5,"minecraft:jungle_leaves":3,"minecraft:dandelion":5,"minecraft:oak_fence":1,"minecraft:crafting_table":4,"minecraft:cornflower":1,"minecraft:torch":3,"minecraft:granite":11,"minecraft:grass_block":4,"minecraft:melon":1,"minecraft:chest":4,"minecraft:jungle_log":5,"minecraft:tall_grass":2,"minecraft:cobblestone":75,"minecraft:sugar_cane":1,"minecraft:hopper":7,"minecraft:oak_planks":1,"minecraft:diorite":39,"minecraft:oxeye_daisy":1,"minecraft:wall_torch":7,"minecraft:seagrass":1,"minecraft:hay_block":18,"minecraft:fire":3,"minecraft:iron_ore":10,"minecraft:wheat":3,"minecraft:andesite":70,"minecraft:yellow_bed":2,"minecraft:azure_bluet":1,"minecraft:grass":15,"minecraft:oak_log":50,"minecraft:coal_ore":22,"minecraft:dirt_path":4,"minecraft:gravel":2,"minecraft:dirt":11,"minecraft:stripped_oak_log":6,"minecraft:stone":177,"minecraft:deepslate":1},"minecraft:picked_up":{"minecraft:stripped_oak_log":6,"minecraft:crafting_table":4,"minecraft:wheat":4,"minecraft:azure_bluet":1,"minecraft:jungle_log":19,"minecraft:andesite":70,"minecraft:oak_log":50,"minecraft:yellow_bed":2,"minecraft:string":2,"minecraft:cornflower":1,"minecraft:dirt":16,"minecraft:bone":2,"minecraft:wheat_seeds":23,"minecraft:cobbled_deepslate":1,"minecraft:bucket":1,"minecraft:stone_pickaxe":1,"minecraft:iron_ingot":3,"minecraft:poppy":1,"minecraft:sugar_cane":2,"minecraft:melon_slice":5,"minecraft:chest":4,"minecraft:oak_planks":33,"minecraft:raw_iron":10,"minecraft:oak_door":2,"minecraft:oak_fence":1,"minecraft:torch":20,"minecraft:dandelion":8,"minecraft:gravel":2,"minecraft:porkchop":1,"minecraft:white_bed":5,"minecraft:diorite":40,"minecraft:arrow":1,"minecraft:rotten_flesh":1,"minecraft:hay_block":18,"minecraft:granite":11,"minecraft:coal":22,"minecraft:cobblestone":208,"minecraft:hopper":7,"minecraft:oxeye_daisy":1},"minecraft:used":{"minecraft:wheat_seeds":24,"minecraft:water_bucket":13,"minecraft:stone_pickaxe":395,"minecraft:chest":17,"minecraft:wooden_pickaxe":41,"minecraft:stone":46,"minecraft:sugar_cane":2,"minecraft:oak_door":2,"minecraft:torch":33,"minecraft:dirt":7,"minecraft:hopper":32,"minecraft:crafting_table":4,"minecraft:white_bed":5,"minecraft:oak_log":11,"minecraft:wooden_hoe":55,"minecraft:lava_bucket":7,"minecraft:iron_axe":7,"minecraft:bread":17,"minecraft:melon_slice":5,"minecraft:iron_pickaxe":5,"minecraft:stone_axe":107,"minecraft:cobblestone":49,"minecraft:furnace":1,"minecraft:bucket":17,"minecraft:yellow_bed":2},"minecraft:killed":{"minecraft:pig":1,"minecraft:spider":1,"minecraft:iron_golem":1,"minecraft:skeleton":1,"minecraft:zombie":2,"minecraft:villager":3},"minecraft:dropped":{"minecraft:wheat_seeds":2,"minecraft:crafting_table":1,"minecraft:cobblestone":111,"minecraft:diorite":1,"minecraft:jungle_log":14,"minecraft:hopper":1,"minecraft:stone_pickaxe":1,"minecraft:bucket":1},"minecraft:crafted":{"minecraft:oak_planks":180,"minecraft:crafting_table":2,"minecraft:wooden_pickaxe":1,"minecraft:furnace":1,"minecraft:stone_axe":1,"minecraft:bread":54,"minecraft:air":0,"minecraft:jungle_planks":20,"minecraft:wooden_hoe":1,"minecraft:iron_axe":1,"minecraft:stick":28,"minecraft:iron_ingot":6,"minecraft:iron_pickaxe":1,"minecraft:stone_pickaxe":3,"minecraft:torch":24,"minecraft:wheat":162}},"DataVersion":3465}