{"stats":{"minecraft:picked_up":{"minecraft:melon_slice":5},"minecraft:used":{"minecraft:melon_slice":4},"minecraft:mined":{"minecraft:melon":1},"minecraft:custom":{"minecraft:jump":43,"minecraft:time_since_rest":3994,"minecraft:walk_on_water_one_cm":301,"minecraft:sprint_one_cm":3763,"minecraft:leave_game":1,"minecraft:play_time":3994,"minecraft:damage_taken":270,"minecraft:time_since_death":3994,"minecraft:walk_one_cm":5545,"minecraft:total_world_time":3994,"minecraft:climb_one_cm":681,"minecraft:fall_one_cm":950,"minecraft:fly_one_cm":3408}},"DataVersion":3465}