{"stats":{"minecraft:broken":{"minecraft:stone_pickaxe":2},"minecraft:custom":{"minecraft:mob_kills":4,"minecraft:inspect_hopper":26,"minecraft:interact_with_crafting_table":12,"minecraft:leave_game":4,"minecraft:time_since_death":78452,"minecraft:sleep_in_bed":6,"minecraft:climb_one_cm":5659,"minecraft:time_since_rest":2185,"minecraft:sprint_one_cm":95037,"minecraft:damage_taken":715,"minecraft:walk_one_cm":219457,"minecraft:drop":10,"minecraft:damage_dealt":1595,"minecraft:talked_to_villager":25,"minecraft:fly_one_cm":35781,"minecraft:open_chest":24,"minecraft:crouch_one_cm":1388,"minecraft:play_time":91497,"minecraft:deaths":1,"minecraft:sneak_time":1424,"minecraft:walk_under_water_one_cm":2410,"minecraft:jump":650,"minecraft:walk_on_water_one_cm":4962,"minecraft:total_world_time":91497,"minecraft:fall_one_cm":11748},"minecraft:mined":{"minecraft:jungle_leaves":3,"minecraft:dandelion":5,"minecraft:oak_fence":1,"minecraft:crafting_table":2,"minecraft:cornflower":1,"minecraft:torch":2,"minecraft:granite":11,"minecraft:grass_block":3,"minecraft:melon":1,"minecraft:chest":4,"minecraft:jungle_log":5,"minecraft:tall_grass":2,"minecraft:cobblestone":51,"minecraft:sugar_cane":1,"minecraft:hopper":6,"minecraft:oak_planks":1,"minecraft:diorite":39,"minecraft:oxeye_daisy":1,"minecraft:wall_torch":6,"minecraft:hay_block":8,"minecraft:iron_ore":6,"minecraft:wheat":1,"minecraft:andesite":62,"minecraft:yellow_bed":1,"minecraft:azure_bluet":1,"minecraft:grass":9,"minecraft:oak_log":50,"minecraft:coal_ore":22,"minecraft:gravel":2,"minecraft:dirt":9,"minecraft:stripped_oak_log":6,"minecraft:stone":159},"minecraft:picked_up":{"minecraft:stripped_oak_log":6,"minecraft:crafting_table":2,"minecraft:wheat":2,"minecraft:azure_bluet":1,"minecraft:jungle_log":19,"minecraft:andesite":62,"minecraft:oak_log":50,"minecraft:yellow_bed":1,"minecraft:cornflower":1,"minecraft:dirt":11,"minecraft:bone":2,"minecraft:wheat_seeds":8,"minecraft:bucket":1,"minecraft:stone_pickaxe":1,"minecraft:iron_ingot":3,"minecraft:poppy":1,"minecraft:sugar_cane":2,"minecraft:melon_slice":5,"minecraft:chest":4,"minecraft:oak_planks":33,"minecraft:raw_iron":6,"minecraft:oak_door":2,"minecraft:oak_fence":1,"minecraft:torch":10,"minecraft:dandelion":8,"minecraft:gravel":2,"minecraft:porkchop":1,"minecraft:diorite":40,"minecraft:arrow":1,"minecraft:rotten_flesh":1,"minecraft:hay_block":8,"minecraft:granite":11,"minecraft:coal":22,"minecraft:cobblestone":177,"minecraft:hopper":6,"minecraft:oxeye_daisy":1},"minecraft:used":{"minecraft:wheat_seeds":11,"minecraft:water_bucket":6,"minecraft:stone_pickaxe":338,"minecraft:chest":17,"minecraft:wooden_pickaxe":24,"minecraft:stone":46,"minecraft:sugar_cane":2,"minecraft:oak_door":2,"minecraft:torch":23,"minecraft:dirt":7,"minecraft:hopper":30,"minecraft:crafting_table":3,"minecraft:oak_log":11,"minecraft:wooden_hoe":55,"minecraft:lava_bucket":6,"minecraft:bread":8,"minecraft:melon_slice":5,"minecraft:stone_axe":96,"minecraft:cobblestone":41,"minecraft:bucket":8,"minecraft:yellow_bed":1},"minecraft:killed":{"minecraft:pig":1,"minecraft:iron_golem":1,"minecraft:skeleton":1,"minecraft:villager":1},"minecraft:dropped":{"minecraft:cobblestone":10,"minecraft:diorite":1,"minecraft:jungle_log":14,"minecraft:stone_pickaxe":1,"minecraft:bucket":1},"minecraft:crafted":{"minecraft:oak_planks":180,"minecraft:crafting_table":2,"minecraft:wooden_pickaxe":1,"minecraft:stone_axe":1,"minecraft:bread":18,"minecraft:jungle_planks":20,"minecraft:wooden_hoe":1,"minecraft:stick":28,"minecraft:stone_pickaxe":3,"minecraft:torch":24,"minecraft:wheat":54}},"DataVersion":3465}