{"stats":{"minecraft:killed":{"minecraft:evoker":2,"minecraft:vex":1,"minecraft:vindicator":1,"minecraft:sheep":1,"minecraft:pillager":8,"minecraft:zombie":1,"minecraft:chicken":2,"minecraft:cow":1},"minecraft:mined":{"minecraft:smithing_table":2,"minecraft:crafting_table":1,"minecraft:short_grass":29,"minecraft:grass_block":4,"minecraft:tall_grass":3,"minecraft:oak_planks":1,"minecraft:hay_block":16,"minecraft:fletching_table":3,"minecraft:oak_log":10,"minecraft:gravel":21,"minecraft:dirt":4,"minecraft:stone":56,"minecraft:fern":6},"minecraft:dropped":{"minecraft:wheat_seeds":3,"minecraft:chicken":1},"minecraft:killed_by":{"minecraft:vindicator":4,"minecraft:pillager":2},"minecraft:crafted":{"minecraft:oak_planks":40,"minecraft:crafting_table":1,"minecraft:wooden_pickaxe":1,"minecraft:fletching_table":1,"minecraft:stick":8,"minecraft:stone_pickaxe":1,"minecraft:wheat":144},"minecraft:used":{"minecraft:netherite_sword":72,"minecraft:stone_pickaxe":51,"minecraft:wooden_pickaxe":6,"minecraft:fletching_table":4,"minecraft:dirt":1,"minecraft:netherite_leggings":1,"minecraft:crafting_table":2,"minecraft:crossbow":1,"minecraft:iron_axe":28,"minecraft:spawner":1,"minecraft:totem_of_undying":2,"minecraft:gravel":19,"minecraft:netherite_boots":1,"minecraft:evoker_spawn_egg":3,"minecraft:ominous_bottle":1,"minecraft:smithing_table":2,"minecraft:experience_bottle":1},"minecraft:picked_up":{"minecraft:crafting_table":1,"minecraft:feather":3,"minecraft:chicken":3,"minecraft:smithing_table":2,"minecraft:flint":2,"minecraft:oak_log":10,"minecraft:dirt":8,"minecraft:white_banner":2,"minecraft:iron_axe":1,"minecraft:wheat_seeds":4,"minecraft:beef":2,"minecraft:fletching_table":3,"minecraft:oak_planks":1,"minecraft:gravel":19,"minecraft:hay_block":16,"minecraft:crossbow":1,"minecraft:totem_of_undying":2,"minecraft:emerald":2,"minecraft:black_wool":1,"minecraft:mutton":1,"minecraft:cobblestone":56},"minecraft:custom":{"minecraft:mob_kills":17,"minecraft:interact_with_crafting_table":3,"minecraft:raid_trigger":1,"minecraft:bell_ring":44,"minecraft:leave_game":3,"minecraft:time_since_death":11387,"minecraft:sleep_in_bed":2,"minecraft:climb_one_cm":1721,"minecraft:time_since_rest":11163,"minecraft:sprint_one_cm":105723,"minecraft:damage_taken":2406,"minecraft:walk_one_cm":64302,"minecraft:damage_absorbed":60,"minecraft:drop":4,"minecraft:damage_dealt":3213,"minecraft:fly_one_cm":58777,"minecraft:swim_one_cm":5371,"minecraft:talked_to_villager":4,"minecraft:play_time":42349,"minecraft:deaths":7,"minecraft:sneak_time":48,"minecraft:walk_under_water_one_cm":706,"minecraft:jump":365,"minecraft:interact_with_blast_furnace":1,"minecraft:walk_on_water_one_cm":2013,"minecraft:total_world_time":42349,"minecraft:fall_one_cm":14910}},"DataVersion":3953}