{"stats":{"minecraft:broken":{"minecraft:stone_pickaxe":3,"minecraft:stone_axe":1},"minecraft:custom":{"minecraft:mob_kills":18,"minecraft:inspect_hopper":36,"minecraft:interact_with_crafting_table":21,"minecraft:open_barrel":1,"minecraft:leave_game":5,"minecraft:time_since_death":1227,"minecraft:climb_one_cm":5659,"minecraft:sprint_one_cm":228681,"minecraft:walk_one_cm":448362,"minecraft:damage_blocked_by_shield":1390,"minecraft:drop":45,"minecraft:talked_to_villager":26,"minecraft:play_time":151393,"minecraft:deaths":9,"minecraft:sneak_time":2367,"minecraft:walk_under_water_one_cm":7287,"minecraft:jump":1363,"minecraft:walk_on_water_one_cm":31036,"minecraft:total_world_time":151393,"minecraft:interact_with_furnace":21,"minecraft:sleep_in_bed":11,"minecraft:time_since_rest":1258,"minecraft:damage_taken":3605,"minecraft:damage_dealt":5352,"minecraft:swim_one_cm":6517,"minecraft:fly_one_cm":94359,"minecraft:open_chest":32,"minecraft:crouch_one_cm":3938,"minecraft:fall_one_cm":35134},"minecraft:mined":{"minecraft:white_bed":5,"minecraft:jungle_leaves":3,"minecraft:granite":11,"minecraft:grass_block":4,"minecraft:jungle_log":5,"minecraft:hopper":7,"minecraft:oxeye_daisy":1,"minecraft:hay_block":18,"minecraft:iron_ore":17,"minecraft:fire":3,"minecraft:andesite":70,"minecraft:deepslate_lapis_ore":3,"minecraft:azure_bluet":1,"minecraft:pointed_dripstone":2,"minecraft:deepslate_iron_ore":16,"minecraft:dirt_path":4,"minecraft:stripped_oak_log":6,"minecraft:stone":180,"minecraft:dandelion":5,"minecraft:oak_fence":1,"minecraft:crafting_table":4,"minecraft:cornflower":1,"minecraft:torch":4,"minecraft:melon":1,"minecraft:chest":4,"minecraft:tall_grass":2,"minecraft:cobblestone":75,"minecraft:sugar_cane":1,"minecraft:oak_planks":1,"minecraft:sculk":5,"minecraft:diorite":39,"minecraft:wall_torch":10,"minecraft:amethyst_block":7,"minecraft:seagrass":1,"minecraft:wheat":6,"minecraft:yellow_bed":2,"minecraft:grass":15,"minecraft:oak_log":50,"minecraft:coal_ore":32,"minecraft:dripstone_block":1,"minecraft:gravel":2,"minecraft:dirt":11,"minecraft:deepslate":5},"minecraft:picked_up":{"minecraft:crafting_table":4,"minecraft:wheat":8,"minecraft:azure_bluet":1,"minecraft:amethyst_block":7,"minecraft:cornflower":1,"minecraft:string":4,"minecraft:cobbled_deepslate":23,"minecraft:bucket":1,"minecraft:calcite":1,"minecraft:poppy":1,"minecraft:sugar_cane":2,"minecraft:melon_slice":5,"minecraft:chest":4,"minecraft:raw_iron":42,"minecraft:oak_door":2,"minecraft:oak_fence":1,"minecraft:torch":25,"minecraft:porkchop":1,"minecraft:pointed_dripstone":6,"minecraft:diorite":40,"minecraft:rotten_flesh":6,"minecraft:arrow":5,"minecraft:hay_block":18,"minecraft:cobblestone":215,"minecraft:oxeye_daisy":1,"minecraft:stripped_oak_log":6,"minecraft:glow_ink_sac":3,"minecraft:jungle_log":19,"minecraft:andesite":70,"minecraft:oak_log":50,"minecraft:yellow_bed":2,"minecraft:gunpowder":1,"minecraft:lapis_lazuli":23,"minecraft:dirt":16,"minecraft:bone":6,"minecraft:wheat_seeds":30,"minecraft:stone_pickaxe":1,"minecraft:iron_ingot":3,"minecraft:oak_planks":33,"minecraft:dripstone_block":1,"minecraft:dandelion":8,"minecraft:gravel":2,"minecraft:white_bed":5,"minecraft:spider_eye":1,"minecraft:granite":11,"minecraft:coal":32,"minecraft:hopper":7},"minecraft:killed_by":{"minecraft:creeper":1,"minecraft:spider":3,"minecraft:skeleton":3},"minecraft:used":{"minecraft:chest":17,"minecraft:shield":42,"minecraft:stone":46,"minecraft:iron_chestplate":1,"minecraft:oak_door":2,"minecraft:torch":94,"minecraft:dirt":7,"minecraft:hopper":32,"minecraft:lava_bucket":7,"minecraft:iron_axe":104,"minecraft:barrel":3,"minecraft:furnace":1,"minecraft:wheat_seeds":31,"minecraft:water_bucket":18,"minecraft:stone_pickaxe":395,"minecraft:oak_planks":13,"minecraft:wooden_pickaxe":41,"minecraft:sugar_cane":2,"minecraft:crafting_table":4,"minecraft:white_bed":5,"minecraft:oak_log":11,"minecraft:wooden_hoe":55,"minecraft:melon_slice":5,"minecraft:bread":25,"minecraft:iron_pickaxe":58,"minecraft:stone_axe":107,"minecraft:cobblestone":49,"minecraft:cooked_porkchop":1,"minecraft:bucket":22,"minecraft:yellow_bed":2},"minecraft:killed":{"minecraft:spider":1,"minecraft:skeleton":5,"minecraft:pig":1,"minecraft:iron_golem":1,"minecraft:creeper":1,"minecraft:zombie":5,"minecraft:villager":3,"minecraft:enderman":1},"minecraft:crafted":{"minecraft:oak_planks":180,"minecraft:furnace":1,"minecraft:iron_axe":1,"minecraft:stone_pickaxe":3,"minecraft:wheat":162,"minecraft:cooked_porkchop":1,"minecraft:crafting_table":2,"minecraft:wooden_pickaxe":1,"minecraft:stone_axe":1,"minecraft:bread":54,"minecraft:air":0,"minecraft:jungle_planks":20,"minecraft:wooden_hoe":1,"minecraft:iron_chestplate":1,"minecraft:shield":1,"minecraft:stick":156,"minecraft:iron_ingot":54,"minecraft:iron_pickaxe":1,"minecraft:torch":68},"minecraft:dropped":{"minecraft:iron_ingot":11,"minecraft:bread":16,"minecraft:wheat_seeds":2,"minecraft:crafting_table":1,"minecraft:oak_fence":1,"minecraft:cobblestone":124,"minecraft:cod":1,"minecraft:oxeye_daisy":1,"minecraft:dirt":9,"minecraft:diorite":1,"minecraft:cornflower":1,"minecraft:string":2,"minecraft:bucket":1,"minecraft:bone":4,"minecraft:cobbled_deepslate":3,"minecraft:wheat":4,"minecraft:rotten_flesh":3,"minecraft:oak_planks":64,"minecraft:poppy":1,"minecraft:gunpowder":1,"minecraft:andesite":70,"minecraft:jungle_log":14,"minecraft:hopper":1,"minecraft:chest":3,"minecraft:arrow":3,"minecraft:stone_pickaxe":1}},"DataVersion":3465}