{"stats":{"minecraft:custom":{"minecraft:mob_kills":3,"minecraft:interact_with_crafting_table":9,"minecraft:leave_game":3,"minecraft:time_since_death":36833,"minecraft:sleep_in_bed":3,"minecraft:climb_one_cm":5659,"minecraft:time_since_rest":7415,"minecraft:sprint_one_cm":76355,"minecraft:damage_taken":645,"minecraft:walk_one_cm":124618,"minecraft:drop":7,"minecraft:damage_dealt":1306,"minecraft:talked_to_villager":21,"minecraft:fly_one_cm":24774,"minecraft:open_chest":1,"minecraft:crouch_one_cm":109,"minecraft:play_time":49878,"minecraft:deaths":1,"minecraft:sneak_time":45,"minecraft:walk_under_water_one_cm":1566,"minecraft:jump":395,"minecraft:walk_on_water_one_cm":2874,"minecraft:total_world_time":49878,"minecraft:fall_one_cm":9913},"minecraft:mined":{"minecraft:jungle_leaves":3,"minecraft:dandelion":5,"minecraft:oak_fence":1,"minecraft:crafting_table":2,"minecraft:cornflower":1,"minecraft:grass_block":3,"minecraft:melon":1,"minecraft:jungle_log":5,"minecraft:cobblestone":4,"minecraft:tall_grass":2,"minecraft:oak_planks":1,"minecraft:oxeye_daisy":1,"minecraft:hay_block":7,"minecraft:yellow_bed":1,"minecraft:azure_bluet":1,"minecraft:grass":5,"minecraft:coal_ore":7,"minecraft:oak_log":50,"minecraft:dirt":8,"minecraft:stripped_oak_log":6,"minecraft:stone":108},"minecraft:picked_up":{"minecraft:stripped_oak_log":6,"minecraft:crafting_table":2,"minecraft:azure_bluet":1,"minecraft:jungle_log":19,"minecraft:oak_log":50,"minecraft:yellow_bed":1,"minecraft:cornflower":1,"minecraft:dirt":10,"minecraft:bone":2,"minecraft:wheat_seeds":2,"minecraft:iron_ingot":3,"minecraft:stone_pickaxe":1,"minecraft:poppy":1,"minecraft:melon_slice":5,"minecraft:oak_planks":1,"minecraft:oak_door":2,"minecraft:oak_fence":1,"minecraft:torch":2,"minecraft:dandelion":8,"minecraft:porkchop":1,"minecraft:arrow":1,"minecraft:rotten_flesh":1,"minecraft:hay_block":7,"minecraft:coal":7,"minecraft:cobblestone":112,"minecraft:oxeye_daisy":1},"minecraft:used":{"minecraft:wheat_seeds":5,"minecraft:water_bucket":6,"minecraft:stone_pickaxe":98,"minecraft:wooden_pickaxe":23,"minecraft:oak_door":2,"minecraft:torch":2,"minecraft:dirt":7,"minecraft:crafting_table":3,"minecraft:oak_log":11,"minecraft:wooden_hoe":46,"minecraft:bread":5,"minecraft:melon_slice":5,"minecraft:stone_axe":89,"minecraft:cobblestone":13,"minecraft:bucket":5,"minecraft:yellow_bed":1},"minecraft:killed":{"minecraft:pig":1,"minecraft:iron_golem":1,"minecraft:skeleton":1},"minecraft:dropped":{"minecraft:jungle_log":14,"minecraft:stone_pickaxe":1},"minecraft:crafted":{"minecraft:oak_planks":180,"minecraft:crafting_table":2,"minecraft:wooden_pickaxe":1,"minecraft:stone_axe":1,"minecraft:bread":18,"minecraft:jungle_planks":20,"minecraft:wooden_hoe":1,"minecraft:stick":16,"minecraft:stone_pickaxe":1,"minecraft:torch":4,"minecraft:wheat":54}},"DataVersion":3465}