{"stats":{"minecraft:killed":{"minecraft:chicken":2},"minecraft:custom":{"minecraft:time_since_rest":3851,"minecraft:deaths":1,"minecraft:play_time":16304,"minecraft:sprint_one_cm":16717,"minecraft:damage_taken":340,"minecraft:walk_one_cm":11011,"minecraft:bell_ring":5,"minecraft:sneak_time":34,"minecraft:mob_kills":2,"minecraft:drop":4,"minecraft:jump":104,"minecraft:damage_dealt":81,"minecraft:leave_game":2,"minecraft:time_since_death":3825,"minecraft:climb_one_cm":1721,"minecraft:total_world_time":16304,"minecraft:fall_one_cm":5650,"minecraft:fly_one_cm":21955},"minecraft:dropped":{"minecraft:chicken":1,"minecraft:wheat_seeds":3},"minecraft:crafted":{"minecraft:wheat":99},"minecraft:picked_up":{"minecraft:feather":3,"minecraft:chicken":3,"minecraft:wheat_seeds":3,"minecraft:hay_block":11,"minecraft:dirt":1},"minecraft:mined":{"minecraft:hay_block":11,"minecraft:short_grass":18,"minecraft:grass_block":1,"minecraft:fern":6}},"DataVersion":3953}