{"stats":{"minecraft:broken":{"minecraft:stone_pickaxe":2},"minecraft:custom":{"minecraft:mob_kills":4,"minecraft:interact_with_crafting_table":12,"minecraft:leave_game":3,"minecraft:time_since_death":48833,"minecraft:sleep_in_bed":4,"minecraft:climb_one_cm":5659,"minecraft:time_since_rest":3506,"minecraft:sprint_one_cm":77404,"minecraft:damage_taken":645,"minecraft:walk_one_cm":150889,"minecraft:drop":8,"minecraft:damage_dealt":1505,"minecraft:talked_to_villager":25,"minecraft:fly_one_cm":25194,"minecraft:open_chest":1,"minecraft:crouch_one_cm":109,"minecraft:play_time":61878,"minecraft:deaths":1,"minecraft:sneak_time":62,"minecraft:walk_under_water_one_cm":1566,"minecraft:jump":514,"minecraft:walk_on_water_one_cm":2896,"minecraft:total_world_time":61878,"minecraft:fall_one_cm":10182},"minecraft:mined":{"minecraft:jungle_leaves":3,"minecraft:dandelion":5,"minecraft:oak_fence":1,"minecraft:crafting_table":2,"minecraft:cornflower":1,"minecraft:granite":11,"minecraft:grass_block":3,"minecraft:melon":1,"minecraft:jungle_log":5,"minecraft:cobblestone":5,"minecraft:tall_grass":2,"minecraft:oak_planks":1,"minecraft:diorite":39,"minecraft:oxeye_daisy":1,"minecraft:wall_torch":5,"minecraft:hay_block":7,"minecraft:iron_ore":6,"minecraft:andesite":62,"minecraft:yellow_bed":1,"minecraft:azure_bluet":1,"minecraft:grass":5,"minecraft:coal_ore":7,"minecraft:oak_log":50,"minecraft:gravel":2,"minecraft:dirt":9,"minecraft:stripped_oak_log":6,"minecraft:stone":152},"minecraft:picked_up":{"minecraft:stripped_oak_log":6,"minecraft:crafting_table":2,"minecraft:azure_bluet":1,"minecraft:andesite":62,"minecraft:jungle_log":19,"minecraft:oak_log":50,"minecraft:yellow_bed":1,"minecraft:cornflower":1,"minecraft:dirt":11,"minecraft:bone":2,"minecraft:wheat_seeds":2,"minecraft:iron_ingot":3,"minecraft:stone_pickaxe":1,"minecraft:poppy":1,"minecraft:melon_slice":5,"minecraft:oak_planks":1,"minecraft:raw_iron":6,"minecraft:oak_door":2,"minecraft:oak_fence":1,"minecraft:torch":7,"minecraft:dandelion":8,"minecraft:gravel":2,"minecraft:porkchop":1,"minecraft:diorite":40,"minecraft:arrow":1,"minecraft:rotten_flesh":1,"minecraft:hay_block":7,"minecraft:granite":11,"minecraft:coal":7,"minecraft:cobblestone":156,"minecraft:oxeye_daisy":1},"minecraft:used":{"minecraft:wheat_seeds":5,"minecraft:water_bucket":6,"minecraft:stone_pickaxe":263,"minecraft:wooden_pickaxe":24,"minecraft:oak_door":2,"minecraft:torch":18,"minecraft:dirt":7,"minecraft:crafting_table":3,"minecraft:oak_log":11,"minecraft:wooden_hoe":54,"minecraft:lava_bucket":1,"minecraft:bread":6,"minecraft:melon_slice":5,"minecraft:stone_axe":93,"minecraft:cobblestone":14,"minecraft:bucket":5,"minecraft:yellow_bed":1},"minecraft:killed":{"minecraft:pig":1,"minecraft:iron_golem":1,"minecraft:skeleton":1,"minecraft:villager":1},"minecraft:dropped":{"minecraft:diorite":1,"minecraft:jungle_log":14,"minecraft:stone_pickaxe":1},"minecraft:crafted":{"minecraft:oak_planks":180,"minecraft:crafting_table":2,"minecraft:wooden_pickaxe":1,"minecraft:stone_axe":1,"minecraft:bread":18,"minecraft:jungle_planks":20,"minecraft:wooden_hoe":1,"minecraft:stick":28,"minecraft:stone_pickaxe":3,"minecraft:torch":24,"minecraft:wheat":54}},"DataVersion":3465}