{"stats":{"minecraft:broken":{"minecraft:stone_pickaxe":2},"minecraft:custom":{"minecraft:interact_with_furnace":1,"minecraft:mob_kills":4,"minecraft:inspect_hopper":34,"minecraft:interact_with_crafting_table":14,"minecraft:leave_game":4,"minecraft:time_since_death":90452,"minecraft:sleep_in_bed":7,"minecraft:climb_one_cm":5659,"minecraft:time_since_rest":1002,"minecraft:sprint_one_cm":135749,"minecraft:damage_taken":795,"minecraft:walk_one_cm":267502,"minecraft:drop":17,"minecraft:damage_dealt":1595,"minecraft:swim_one_cm":6121,"minecraft:talked_to_villager":26,"minecraft:fly_one_cm":51539,"minecraft:open_chest":30,"minecraft:crouch_one_cm":1396,"minecraft:play_time":103497,"minecraft:deaths":1,"minecraft:sneak_time":1436,"minecraft:walk_under_water_one_cm":3179,"minecraft:jump":786,"minecraft:walk_on_water_one_cm":5562,"minecraft:total_world_time":103497,"minecraft:fall_one_cm":15436},"minecraft:mined":{"minecraft:white_bed":1,"minecraft:jungle_leaves":3,"minecraft:dandelion":5,"minecraft:oak_fence":1,"minecraft:crafting_table":2,"minecraft:cornflower":1,"minecraft:torch":2,"minecraft:granite":11,"minecraft:grass_block":4,"minecraft:melon":1,"minecraft:chest":4,"minecraft:jungle_log":5,"minecraft:tall_grass":2,"minecraft:cobblestone":75,"minecraft:sugar_cane":1,"minecraft:hopper":6,"minecraft:oak_planks":1,"minecraft:diorite":39,"minecraft:oxeye_daisy":1,"minecraft:wall_torch":6,"minecraft:seagrass":1,"minecraft:hay_block":18,"minecraft:fire":3,"minecraft:iron_ore":6,"minecraft:wheat":2,"minecraft:andesite":62,"minecraft:yellow_bed":1,"minecraft:azure_bluet":1,"minecraft:grass":10,"minecraft:oak_log":50,"minecraft:coal_ore":22,"minecraft:dirt_path":4,"minecraft:gravel":2,"minecraft:dirt":10,"minecraft:stripped_oak_log":6,"minecraft:stone":160},"minecraft:picked_up":{"minecraft:stripped_oak_log":6,"minecraft:crafting_table":2,"minecraft:wheat":3,"minecraft:azure_bluet":1,"minecraft:jungle_log":19,"minecraft:andesite":62,"minecraft:oak_log":50,"minecraft:yellow_bed":1,"minecraft:cornflower":1,"minecraft:dirt":15,"minecraft:bone":2,"minecraft:wheat_seeds":13,"minecraft:bucket":1,"minecraft:stone_pickaxe":1,"minecraft:iron_ingot":3,"minecraft:poppy":1,"minecraft:sugar_cane":2,"minecraft:melon_slice":5,"minecraft:chest":4,"minecraft:oak_planks":33,"minecraft:raw_iron":6,"minecraft:oak_door":2,"minecraft:oak_fence":1,"minecraft:torch":10,"minecraft:dandelion":8,"minecraft:gravel":2,"minecraft:porkchop":1,"minecraft:white_bed":1,"minecraft:diorite":40,"minecraft:arrow":1,"minecraft:rotten_flesh":1,"minecraft:hay_block":18,"minecraft:granite":11,"minecraft:coal":22,"minecraft:cobblestone":188,"minecraft:hopper":6,"minecraft:oxeye_daisy":1},"minecraft:used":{"minecraft:wheat_seeds":14,"minecraft:water_bucket":7,"minecraft:stone_pickaxe":366,"minecraft:chest":17,"minecraft:wooden_pickaxe":24,"minecraft:stone":46,"minecraft:sugar_cane":2,"minecraft:oak_door":2,"minecraft:torch":23,"minecraft:dirt":7,"minecraft:hopper":32,"minecraft:crafting_table":3,"minecraft:oak_log":11,"minecraft:wooden_hoe":55,"minecraft:lava_bucket":7,"minecraft:bread":11,"minecraft:melon_slice":5,"minecraft:stone_axe":96,"minecraft:cobblestone":49,"minecraft:furnace":1,"minecraft:bucket":10,"minecraft:yellow_bed":1},"minecraft:killed":{"minecraft:pig":1,"minecraft:iron_golem":1,"minecraft:skeleton":1,"minecraft:villager":1},"minecraft:dropped":{"minecraft:wheat_seeds":2,"minecraft:cobblestone":61,"minecraft:diorite":1,"minecraft:jungle_log":14,"minecraft:stone_pickaxe":1,"minecraft:bucket":1},"minecraft:crafted":{"minecraft:oak_planks":180,"minecraft:crafting_table":2,"minecraft:wooden_pickaxe":1,"minecraft:furnace":1,"minecraft:stone_axe":1,"minecraft:bread":54,"minecraft:jungle_planks":20,"minecraft:wooden_hoe":1,"minecraft:stick":28,"minecraft:stone_pickaxe":3,"minecraft:torch":24,"minecraft:wheat":162}},"DataVersion":3465}