{"stats":{"minecraft:used":{"minecraft:beetroot":1,"minecraft:wheat_seeds":4,"minecraft:netherite_sword":72,"minecraft:stone_pickaxe":74,"minecraft:oak_planks":4,"minecraft:wooden_pickaxe":6,"minecraft:fletching_table":4,"minecraft:torch":1,"minecraft:dirt":24,"minecraft:netherite_leggings":1,"minecraft:crafting_table":2,"minecraft:carrot":7,"minecraft:crossbow":1,"minecraft:command_block":1,"minecraft:grass_block":5,"minecraft:chicken":2,"minecraft:iron_axe":48,"minecraft:iron_pickaxe":30,"minecraft:spawner":1,"minecraft:oak_pressure_plate":2,"minecraft:totem_of_undying":2,"minecraft:gravel":19,"minecraft:evoker_spawn_egg":3,"minecraft:netherite_boots":1,"minecraft:cobblestone":8,"minecraft:beef":4,"minecraft:ominous_bottle":1,"minecraft:smithing_table":2,"minecraft:beetroot_seeds":3,"minecraft:potato":10,"minecraft:experience_bottle":1},"minecraft:custom":{"minecraft:mob_kills":21,"minecraft:interact_with_crafting_table":5,"minecraft:raid_trigger":1,"minecraft:bell_ring":50,"minecraft:leave_game":19,"minecraft:time_since_death":22821,"minecraft:sleep_in_bed":12,"minecraft:climb_one_cm":1721,"minecraft:time_since_rest":4754,"minecraft:sprint_one_cm":229385,"minecraft:damage_absorbed":60,"minecraft:damage_taken":5055,"minecraft:walk_one_cm":200623,"minecraft:drop":16,"minecraft:damage_dealt":4663,"minecraft:swim_one_cm":5371,"minecraft:talked_to_villager":5,"minecraft:fly_one_cm":293979,"minecraft:player_kills":1,"minecraft:crouch_one_cm":1121,"minecraft:play_time":180634,"minecraft:deaths":19,"minecraft:sneak_time":597,"minecraft:walk_under_water_one_cm":1097,"minecraft:jump":998,"minecraft:interact_with_blast_furnace":1,"minecraft:walk_on_water_one_cm":2117,"minecraft:total_world_time":180634,"minecraft:fall_one_cm":40250,"minecraft:horse_one_cm":7193},"minecraft:crafted":{"minecraft:oak_planks":44,"minecraft:crafting_table":1,"minecraft:wooden_pickaxe":1,"minecraft:fletching_table":1,"minecraft:stick":8,"minecraft:iron_pickaxe":1,"minecraft:stone_pickaxe":1,"minecraft:torch":8,"minecraft:wheat":144},"minecraft:mined":{"minecraft:smithing_table":2,"minecraft:crafting_table":1,"minecraft:granite":1,"minecraft:short_grass":43,"minecraft:grass_block":7,"minecraft:tall_grass":3,"minecraft:cobblestone":1,"minecraft:oak_planks":1,"minecraft:hay_block":16,"minecraft:carrots":5,"minecraft:iron_ore":1,"minecraft:fire":1,"minecraft:wheat":9,"minecraft:fletching_table":3,"minecraft:coal_ore":30,"minecraft:potatoes":3,"minecraft:oak_log":11,"minecraft:beetroots":1,"minecraft:gravel":21,"minecraft:dirt":9,"minecraft:stone":73,"minecraft:fern":6},"minecraft:broken":{"minecraft:iron_axe":1},"minecraft:dropped":{"minecraft:wheat_seeds":73,"minecraft:wheat":1,"minecraft:oak_fence":3,"minecraft:chicken":1,"minecraft:cobblestone":1,"minecraft:leather":1,"minecraft:command_block":1},"minecraft:killed_by":{"minecraft:vindicator":4,"minecraft:player":1,"minecraft:creeper":2,"minecraft:pillager":2,"minecraft:iron_golem":1},"minecraft:picked_up":{"minecraft:crafting_table":1,"minecraft:wheat":8,"minecraft:feather":3,"minecraft:chicken":3,"minecraft:leather":1,"minecraft:smithing_table":2,"minecraft:potato":10,"minecraft:flint":2,"minecraft:oak_log":11,"minecraft:dirt":29,"minecraft:white_banner":2,"minecraft:iron_axe":1,"minecraft:beetroot":1,"minecraft:wheat_seeds":90,"minecraft:beef":4,"minecraft:iron_ingot":3,"minecraft:poppy":2,"minecraft:fletching_table":3,"minecraft:oak_planks":1,"minecraft:raw_iron":1,"minecraft:oak_fence":3,"minecraft:oak_pressure_plate":1,"minecraft:gravel":19,"minecraft:carrot":18,"minecraft:dirt_path":1,"minecraft:beetroot_seeds":3,"minecraft:hay_block":16,"minecraft:crossbow":1,"minecraft:granite":1,"minecraft:emerald":2,"minecraft:totem_of_undying":2,"minecraft:black_wool":1,"minecraft:mutton":1,"minecraft:coal":30,"minecraft:cobblestone":75},"minecraft:killed":{"minecraft:evoker":2,"minecraft:vex":1,"minecraft:vindicator":1,"minecraft:spider":1,"minecraft:iron_golem":1,"minecraft:sheep":1,"minecraft:pillager":8,"minecraft:zombie":2,"minecraft:chicken":2,"minecraft:cow":2}},"DataVersion":3953}