{"stats":{"minecraft:custom":{"minecraft:mob_kills":18,"minecraft:interact_with_crafting_table":4,"minecraft:raid_trigger":1,"minecraft:bell_ring":44,"minecraft:leave_game":11,"minecraft:time_since_death":3715,"minecraft:sleep_in_bed":5,"minecraft:climb_one_cm":1721,"minecraft:time_since_rest":1025,"minecraft:sprint_one_cm":155597,"minecraft:damage_absorbed":60,"minecraft:damage_taken":3012,"minecraft:walk_one_cm":114348,"minecraft:drop":13,"minecraft:damage_dealt":3508,"minecraft:fly_one_cm":184578,"minecraft:swim_one_cm":5371,"minecraft:talked_to_villager":5,"minecraft:crouch_one_cm":692,"minecraft:play_time":93132,"minecraft:deaths":9,"minecraft:sneak_time":397,"minecraft:walk_under_water_one_cm":706,"minecraft:jump":612,"minecraft:interact_with_blast_furnace":1,"minecraft:walk_on_water_one_cm":2036,"minecraft:total_world_time":93132,"minecraft:fall_one_cm":25737,"minecraft:horse_one_cm":7193},"minecraft:killed":{"minecraft:evoker":2,"minecraft:vex":1,"minecraft:vindicator":1,"minecraft:spider":1,"minecraft:sheep":1,"minecraft:pillager":8,"minecraft:zombie":1,"minecraft:chicken":2,"minecraft:cow":1},"minecraft:killed_by":{"minecraft:vindicator":4,"minecraft:creeper":1,"minecraft:pillager":2},"minecraft:used":{"minecraft:wheat_seeds":3,"minecraft:netherite_sword":72,"minecraft:stone_pickaxe":67,"minecraft:wooden_pickaxe":6,"minecraft:fletching_table":4,"minecraft:dirt":4,"minecraft:netherite_leggings":1,"minecraft:crafting_table":2,"minecraft:crossbow":1,"minecraft:iron_axe":34,"minecraft:spawner":1,"minecraft:totem_of_undying":2,"minecraft:gravel":19,"minecraft:netherite_boots":1,"minecraft:evoker_spawn_egg":3,"minecraft:cobblestone":8,"minecraft:ominous_bottle":1,"minecraft:smithing_table":2,"minecraft:experience_bottle":1},"minecraft:crafted":{"minecraft:oak_planks":40,"minecraft:crafting_table":1,"minecraft:wooden_pickaxe":1,"minecraft:fletching_table":1,"minecraft:stick":8,"minecraft:stone_pickaxe":1,"minecraft:wheat":144},"minecraft:mined":{"minecraft:smithing_table":2,"minecraft:crafting_table":1,"minecraft:granite":1,"minecraft:short_grass":34,"minecraft:grass_block":4,"minecraft:tall_grass":3,"minecraft:cobblestone":1,"minecraft:oak_planks":1,"minecraft:hay_block":16,"minecraft:iron_ore":1,"minecraft:wheat":4,"minecraft:fletching_table":3,"minecraft:coal_ore":3,"minecraft:oak_log":10,"minecraft:gravel":21,"minecraft:dirt":4,"minecraft:stone":63,"minecraft:fern":6},"minecraft:dropped":{"minecraft:wheat_seeds":73,"minecraft:wheat":1,"minecraft:oak_fence":3,"minecraft:chicken":1},"minecraft:picked_up":{"minecraft:crafting_table":1,"minecraft:wheat":3,"minecraft:feather":3,"minecraft:chicken":3,"minecraft:smithing_table":2,"minecraft:flint":2,"minecraft:oak_log":10,"minecraft:dirt":21,"minecraft:white_banner":2,"minecraft:iron_axe":1,"minecraft:wheat_seeds":77,"minecraft:beef":2,"minecraft:fletching_table":3,"minecraft:oak_planks":1,"minecraft:raw_iron":1,"minecraft:oak_fence":3,"minecraft:gravel":19,"minecraft:hay_block":16,"minecraft:crossbow":1,"minecraft:granite":1,"minecraft:totem_of_undying":2,"minecraft:emerald":2,"minecraft:black_wool":1,"minecraft:mutton":1,"minecraft:cobblestone":64,"minecraft:coal":3}},"DataVersion":3953}