{"stats":{"minecraft:custom":{"minecraft:time_since_rest":9591,"minecraft:sprint_one_cm":52674,"minecraft:damage_taken":510,"minecraft:walk_one_cm":79307,"minecraft:mob_kills":2,"minecraft:drop":7,"minecraft:damage_dealt":1107,"minecraft:interact_with_crafting_table":7,"minecraft:talked_to_villager":21,"minecraft:fly_one_cm":18376,"minecraft:crouch_one_cm":90,"minecraft:play_time":37878,"minecraft:deaths":1,"minecraft:sneak_time":21,"minecraft:walk_under_water_one_cm":692,"minecraft:jump":250,"minecraft:leave_game":3,"minecraft:time_since_death":24833,"minecraft:walk_on_water_one_cm":2267,"minecraft:sleep_in_bed":2,"minecraft:total_world_time":37878,"minecraft:climb_one_cm":5659,"minecraft:fall_one_cm":7596},"minecraft:mined":{"minecraft:hay_block":6,"minecraft:jungle_leaves":3,"minecraft:crafting_table":2,"minecraft:azure_bluet":1,"minecraft:grass":2,"minecraft:oak_log":2,"minecraft:coal_ore":7,"minecraft:melon":1,"minecraft:jungle_log":5,"minecraft:tall_grass":2,"minecraft:cobblestone":4,"minecraft:stone":98},"minecraft:picked_up":{"minecraft:crafting_table":2,"minecraft:azure_bluet":1,"minecraft:jungle_log":19,"minecraft:porkchop":1,"minecraft:oak_log":1,"minecraft:rotten_flesh":1,"minecraft:wheat_seeds":1,"minecraft:hay_block":6,"minecraft:stone_pickaxe":1,"minecraft:iron_ingot":3,"minecraft:poppy":1,"minecraft:melon_slice":5,"minecraft:coal":7,"minecraft:cobblestone":102},"minecraft:used":{"minecraft:melon_slice":5,"minecraft:stone_pickaxe":88,"minecraft:bread":2,"minecraft:wooden_pickaxe":23,"minecraft:stone_axe":16,"minecraft:torch":2,"minecraft:cobblestone":7,"minecraft:crafting_table":3},"minecraft:killed":{"minecraft:pig":1,"minecraft:iron_golem":1},"minecraft:dropped":{"minecraft:jungle_log":14,"minecraft:stone_pickaxe":1},"minecraft:crafted":{"minecraft:crafting_table":2,"minecraft:stick":8,"minecraft:wooden_pickaxe":1,"minecraft:stone_pickaxe":1,"minecraft:torch":4,"minecraft:stone_axe":1,"minecraft:bread":18,"minecraft:jungle_planks":20,"minecraft:wheat":54}},"DataVersion":3465}