{"stats":{"minecraft:crafted":{"minecraft:crafting_table":2,"minecraft:stick":8,"minecraft:wooden_pickaxe":1,"minecraft:stone_pickaxe":1,"minecraft:stone_axe":1,"minecraft:bread":18,"minecraft:jungle_planks":20,"minecraft:wheat":54},"minecraft:custom":{"minecraft:time_since_rest":3768,"minecraft:sprint_one_cm":45774,"minecraft:damage_taken":510,"minecraft:walk_one_cm":66446,"minecraft:mob_kills":2,"minecraft:drop":7,"minecraft:damage_dealt":1107,"minecraft:talked_to_villager":21,"minecraft:interact_with_crafting_table":5,"minecraft:fly_one_cm":18233,"minecraft:crouch_one_cm":90,"minecraft:play_time":32055,"minecraft:deaths":1,"minecraft:sneak_time":21,"minecraft:walk_under_water_one_cm":692,"minecraft:jump":240,"minecraft:leave_game":3,"minecraft:walk_on_water_one_cm":2267,"minecraft:time_since_death":19010,"minecraft:sleep_in_bed":2,"minecraft:climb_one_cm":5659,"minecraft:total_world_time":32055,"minecraft:fall_one_cm":7596},"minecraft:picked_up":{"minecraft:crafting_table":2,"minecraft:azure_bluet":1,"minecraft:jungle_log":19,"minecraft:porkchop":1,"minecraft:rotten_flesh":1,"minecraft:wheat_seeds":1,"minecraft:hay_block":6,"minecraft:iron_ingot":3,"minecraft:stone_pickaxe":1,"minecraft:poppy":1,"minecraft:melon_slice":5,"minecraft:coal":3,"minecraft:cobblestone":69},"minecraft:used":{"minecraft:stone_pickaxe":52,"minecraft:bread":2,"minecraft:melon_slice":5,"minecraft:wooden_pickaxe":23,"minecraft:stone_axe":14,"minecraft:cobblestone":7,"minecraft:crafting_table":3},"minecraft:mined":{"minecraft:hay_block":6,"minecraft:jungle_leaves":3,"minecraft:azure_bluet":1,"minecraft:crafting_table":2,"minecraft:grass":2,"minecraft:coal_ore":3,"minecraft:melon":1,"minecraft:jungle_log":5,"minecraft:cobblestone":4,"minecraft:tall_grass":2,"minecraft:stone":66},"minecraft:killed":{"minecraft:pig":1,"minecraft:iron_golem":1},"minecraft:dropped":{"minecraft:jungle_log":14,"minecraft:stone_pickaxe":1}},"DataVersion":3465}