{"stats":{"minecraft:crafted":{"minecraft:crafting_table":1,"minecraft:stick":4,"minecraft:bread":18,"minecraft:jungle_planks":20,"minecraft:wheat":54},"minecraft:dropped":{"minecraft:jungle_log":14},"minecraft:picked_up":{"minecraft:jungle_log":19,"minecraft:hay_block":6,"minecraft:melon_slice":5},"minecraft:used":{"minecraft:crafting_table":1,"minecraft:bread":1,"minecraft:melon_slice":5},"minecraft:mined":{"minecraft:hay_block":6,"minecraft:melon":1,"minecraft:jungle_log":5,"minecraft:tall_grass":2,"minecraft:jungle_leaves":3},"minecraft:custom":{"minecraft:time_since_rest":3483,"minecraft:crouch_one_cm":90,"minecraft:play_time":17939,"minecraft:sprint_one_cm":27402,"minecraft:walk_one_cm":21972,"minecraft:damage_taken":490,"minecraft:deaths":1,"minecraft:sneak_time":21,"minecraft:drop":6,"minecraft:jump":146,"minecraft:damage_dealt":10,"minecraft:time_since_death":4894,"minecraft:leave_game":2,"minecraft:walk_on_water_one_cm":1988,"minecraft:sleep_in_bed":1,"minecraft:climb_one_cm":5659,"minecraft:total_world_time":17939,"minecraft:interact_with_crafting_table":2,"minecraft:talked_to_villager":1,"minecraft:fall_one_cm":6216,"minecraft:fly_one_cm":13072}},"DataVersion":3465}