{
  "minecraft:recipes/decorations/crafting_table": {
    "criteria": {
      "unlock_right_away": "2024-08-13 22:34:33 +0000"
    },
    "done": true
  },
  "minecraft:adventure/adventuring_time": {
    "criteria": {
      "minecraft:sparse_jungle": "2024-08-13 22:34:34 +0000",
      "minecraft:savanna": "2024-08-13 22:37:27 +0000",
      "minecraft:plains": "2024-08-13 22:36:56 +0000"
    },
    "done": false
  },
  "minecraft:adventure/root": {
    "criteria": {
      "killed_something": "2024-08-13 22:38:16 +0000"
    },
    "done": true
  },
  "DataVersion": 3953
}